<?xml version="1.0"?>
<pagescount>
	<html_total>1</html_total>
	<html_done>1</html_done>
	<images>14</images>
	<script>3</script>
	<css/>
	<pdf/>
	<documents/>
	<excel/>
	<powerpoint/>
	<flash/>
	<audios/>
	<videos/>
	<xml/>
	<json/>
	<txt/>
	<autocad/>
	<model_3d/>
	<fonts>10</fonts>
	<scraping_reload>1</scraping_reload>
	<is_pretty_url>false</is_pretty_url>
	<has_trailing_slash>false</has_trailing_slash>
	<is_ebn>false</is_ebn>
	<email>bakitix151@shaflyn.com</email>
	<theme_name>WmdTheme829977</theme_name>
	<server_url_front_page>https://www6.waybackmachinedownloader.com/wdo/files/demo/belconsultax.com_bakitix151_shaflyn.com_se9umv3o1b/</server_url_front_page>
	<no_www_url>belconsultax.com</no_www_url>
	<hosted_domain/>
	<original_archive_url>https://belconsultax.com/</original_archive_url>
	<final_archive_url>https://belconsultax.com/</final_archive_url>
	<front_page_code_date/>
	<total_urls_from_api/>
	<max_reached_live>false</max_reached_live>
	<scrape_other_captures>false</scrape_other_captures>
	<total_size>6856</total_size>
</pagescount>
